trial_id,mean_cv_score,std_cv_score,min_samples_leaf,max_leaf_nodes,max_iter,max_depth,learning_rate,l2_regularization
0,-1055.9357771762832,187.75708801390476,100,15,500,3.0,0.05,1.0
1,-1103.5835480723567,180.05900559007387,50,63,500,7.0,0.03,0.0
2,-997.2979724957444,145.48099555226327,20,15,800,,0.05,1.0
3,-1056.0259706065583,246.0044233008731,100,63,800,5.0,0.05,0.1
4,-1212.741469923817,337.51202127945584,100,31,800,,0.1,0.1
5,-1168.3953818623204,256.79914068854583,50,31,800,,0.05,0.1
6,-1124.851625460827,224.9493067514476,50,63,300,7.0,0.1,0.0
7,-1084.7503336396032,212.96483520499297,50,15,500,7.0,0.1,0.0
8,-1203.331914586956,268.16687423361117,50,31,800,,0.1,1.0
9,-1025.988509604154,162.09392678324738,50,63,800,3.0,0.1,1.0
10,-1017.6746092210217,176.65618735245152,100,31,500,3.0,0.1,0.1
11,-1009.9971085040622,102.56572706593894,20,31,300,3.0,0.1,1.0
12,-1035.988368053033,229.339587805289,100,63,500,5.0,0.05,1.0
13,-1000.9857390355797,160.54016143295985,50,15,800,5.0,0.05,0.1
14,-992.4081612049613,145.68811208741374,20,31,500,7.0,0.03,1.0
15,-1028.4708550700593,114.81162440678196,20,63,300,,0.03,0.1
16,-992.2753059092316,184.06528394264168,20,15,800,7.0,0.03,1.0
17,-1018.8926457719941,132.70537896588056,20,31,300,5.0,0.03,0.0
18,-991.7712204067404,164.22707691934207,20,15,800,5.0,0.05,1.0
19,-1085.5273256654557,237.97351464010467,50,15,500,,0.1,0.0
20,-1030.499604424441,154.30466153600642,20,31,800,,0.05,0.0
21,-1038.532616227882,133.75643376169802,20,31,500,,0.1,0.0
22,-1015.9449490915233,135.11259356317373,20,63,300,7.0,0.05,0.0
23,-1083.6822569551275,170.4792628777545,20,63,800,7.0,0.1,0.0
24,-1082.257071837813,292.33851250858925,100,31,300,7.0,0.03,0.0
25,-972.9807447080681,133.9663171059271,20,15,500,,0.05,0.0
26,-1072.509757778465,163.3780336440948,50,15,300,5.0,0.03,0.1
27,-1086.2300616252019,216.53678961783854,50,31,800,7.0,0.03,0.0
28,-1039.235314781994,176.2161819409269,100,31,800,3.0,0.03,0.0
29,-1099.9370400890523,288.57233110304395,100,63,800,,0.03,1.0
30,-1031.8057979407172,173.56340844086023,50,31,500,5.0,0.05,1.0
31,-1033.5566918862546,109.65830796481521,20,15,500,3.0,0.05,1.0
32,-1100.5661202766755,237.65070353943835,100,31,300,3.0,0.03,1.0
33,-1026.9307652113725,157.2973069601111,20,15,800,5.0,0.1,0.0
34,-1034.8558712596273,165.18335580420754,20,31,500,7.0,0.05,0.0
35,-1047.964446607661,241.90087196180377,100,31,500,5.0,0.1,0.1
36,-1021.8393555026875,179.2727713181394,50,15,300,5.0,0.1,0.0
37,-1079.2873958182543,274.7956762716802,100,63,500,,0.03,0.1
38,-1091.1518314834336,276.4585315571669,100,31,300,7.0,0.1,1.0
39,-1025.0093411643525,138.75387791944596,50,15,800,3.0,0.05,0.1
40,-1011.6068278653672,151.10458457050228,20,31,800,5.0,0.03,1.0
41,-1081.7225451186212,289.4626134764099,100,15,800,,0.05,0.0
42,-1075.1633592212595,258.27739035817984,100,15,300,7.0,0.03,1.0
43,-977.6961933188838,120.046958782541,20,15,300,,0.05,1.0
44,-1050.3723863901726,119.28902613825917,20,63,500,,0.03,0.0
45,-1095.8905626651992,121.35623223370986,20,31,300,3.0,0.03,0.1
46,-1047.964446607661,241.90087196180377,100,63,500,5.0,0.1,0.1
47,-1093.0614343585398,208.44417847393265,50,31,500,7.0,0.03,0.0
48,-1020.9368006075917,156.5622931748981,20,31,500,5.0,0.03,0.0
49,-1046.8562001374057,93.84436318262436,20,31,300,3.0,0.05,1.0
50,-1082.8154021056985,273.27430998025017,100,63,800,7.0,0.03,0.1
51,-996.6183970921018,147.93222624678296,20,31,300,5.0,0.05,0.1
52,-1021.8474077292394,105.51974794692129,20,31,500,3.0,0.05,0.0
53,-1050.8246109686763,142.5512821860429,20,31,800,,0.1,0.0
54,-1029.394162260664,174.3639599261762,50,31,300,5.0,0.05,0.0
55,-1088.244361859968,274.42942825385154,100,15,300,5.0,0.03,1.0
56,-1017.6746092210217,176.65618735245152,100,63,500,3.0,0.1,0.1
57,-1106.2435205341894,297.72074346433067,100,63,800,,0.03,0.0
58,-1009.7637547172963,175.80229456380195,100,63,300,3.0,0.1,1.0
59,-1039.0589289045397,240.15220512213625,100,31,300,5.0,0.1,0.1
60,-1026.5725667871611,174.33906016085177,50,31,800,5.0,0.05,0.1
61,-1093.9469809029636,190.40071745055178,50,31,300,7.0,0.03,0.1
62,-995.5814613584065,137.1643622946607,20,31,500,7.0,0.03,0.0
63,-1146.4453814443532,259.1513641046452,50,31,800,7.0,0.1,0.0
64,-1046.7924988760365,86.63416505486335,20,15,500,3.0,0.03,1.0
65,-1141.1142161620842,300.67853710439977,100,31,800,7.0,0.1,0.1
66,-1107.6685807027147,286.014835792039,100,31,300,,0.1,1.0
67,-1027.2320909476039,158.97359426554158,20,15,500,,0.1,0.0
68,-1126.9782228422089,265.3402514306891,100,15,800,7.0,0.1,0.0
69,-1132.0862460352678,301.24478244580956,100,63,800,,0.05,0.0
70,-1000.392888113374,133.11641642191557,20,31,300,5.0,0.05,1.0
71,-1082.0509511589516,191.81888380257698,20,31,500,,0.1,1.0
72,-978.0244445960219,136.24684384763995,20,15,500,7.0,0.03,0.0
73,-1014.7643624191629,174.03698655653793,50,15,800,5.0,0.05,1.0
74,-1022.6928280287764,162.1545511542713,100,15,800,3.0,0.03,0.1
75,-1039.5968189681519,186.5005939431043,50,63,500,5.0,0.1,0.1
76,-1099.8003303695698,277.4901871356564,100,63,300,5.0,0.03,0.1
77,-1049.3755136964833,91.62762021330585,20,15,300,3.0,0.05,0.1
78,-1048.2861207129913,210.57331700052794,50,15,300,7.0,0.1,0.1
79,-1122.0704000103156,191.03795017928854,50,63,300,,0.03,0.0
80,-1005.1746545326918,117.01499008841387,20,63,300,5.0,0.03,0.1
81,-1074.5592105028602,301.7508981614939,100,31,300,,0.03,0.0
82,-1144.5822948047648,195.1826575521636,50,63,500,,0.05,1.0
83,-1067.9622750862245,131.0816775636383,50,31,800,3.0,0.03,1.0
84,-994.16339118675,100.73674959255703,20,63,500,3.0,0.1,0.0
85,-1116.5818292261943,146.64036293468604,20,63,500,,0.1,0.1
86,-1076.4016115725321,283.02795886752295,100,63,500,7.0,0.05,1.0
87,-1071.9926917890439,235.5976761944242,100,15,500,7.0,0.1,0.1
88,-1116.956256680529,250.31687183668933,50,31,300,7.0,0.1,1.0
89,-1082.053673486465,258.6254402148,100,31,300,7.0,0.1,0.0
90,-1062.459341655122,227.56426813101075,50,15,500,,0.05,0.0
91,-1057.0206627624893,250.93937817459644,100,15,800,7.0,0.05,0.1
92,-1195.5549171983923,269.31650725869065,50,31,500,,0.1,0.0
93,-1074.9653272485543,293.68278197082384,100,31,300,,0.05,1.0
94,-1053.682153840718,209.62033115252152,50,15,300,,0.1,1.0
95,-1077.9274432386824,279.24726590215175,100,31,800,5.0,0.1,0.1
96,-994.6105237968266,130.95104534708753,20,15,500,7.0,0.1,0.1
97,-1073.2129028214526,296.6153691327704,100,31,500,7.0,0.03,1.0
98,-1024.158531851091,148.14913894638443,20,63,500,7.0,0.05,1.0
99,-1003.5853333518362,139.56548110756532,20,15,300,,0.1,0.1
