timestamp_utc,actual,predicted
2025-10-01 00:00:00,85.35,127.59475329043694
2025-10-01 00:15:00,124.24,90.2921373168698
2025-10-01 00:30:00,135.6,114.4830184697665
2025-10-01 00:45:00,135.6,125.85731693629965
2025-10-01 01:00:00,110.22,130.0551997015389
2025-10-01 01:15:00,110.0,101.89384996118957
2025-10-01 01:30:00,119.14,101.89384996118957
2025-10-01 01:45:00,110.0,111.61480841923031
2025-10-01 02:00:00,43.0,101.89384996118957
2025-10-01 02:15:00,75.43,56.67326185883551
2025-10-01 02:30:00,94.24,77.44744016501731
2025-10-01 02:45:00,90.12,91.27628309915113
2025-10-01 03:00:00,100.0,92.04396322096083
2025-10-01 03:15:00,110.0,101.20063274510203
2025-10-01 03:30:00,110.0,101.89384996118957
2025-10-01 03:45:00,110.0,101.89384996118957
2025-10-01 04:00:00,149.8,101.89384996118957
2025-10-01 04:15:00,119.24,230.68997083348586
2025-10-01 04:30:00,110.0,112.09543420473821
2025-10-01 04:45:00,110.0,102.50513866296434
2025-10-01 05:00:00,135.6,101.89384996118957
2025-10-01 05:15:00,110.32,127.59475329043694
2025-10-01 05:30:00,164.0,102.70299462580981
2025-10-01 05:45:00,164.0,162.6919325637892
2025-10-01 06:00:00,164.0,161.33421427836717
2025-10-01 06:15:00,164.0,166.8803093806011
2025-10-01 06:30:00,164.0,166.8803093806011
2025-10-01 06:45:00,158.6,166.8803093806011
2025-10-01 07:00:00,164.2,164.0066468271596
2025-10-01 07:15:00,200.0,166.8803093806011
2025-10-01 07:30:00,214.0,195.20275724628883
2025-10-01 07:45:00,149.08,261.0436260688666
2025-10-01 08:00:00,135.0,146.9749423920145
2025-10-01 08:15:00,134.14,137.91926499560577
2025-10-01 08:30:00,100.0,131.10192659243367
2025-10-01 08:45:00,55.63,102.00977740972229
2025-10-01 09:00:00,100.0,65.06077966971901
2025-10-01 09:15:00,64.57,101.50037942904406
2025-10-01 09:30:00,100.0,77.24146415807168
2025-10-01 09:45:00,109.24,101.20063274510203
2025-10-01 10:00:00,74.63,101.45315370866922
2025-10-01 10:15:00,100.0,67.4799013304604
2025-10-01 10:30:00,49.39,100.94064799589779
2025-10-01 10:45:00,10.0,57.54287513279679
2025-10-01 11:00:00,18.33,28.292247095205536
2025-10-01 11:15:00,55.88,45.23279704658799
2025-10-01 11:30:00,49.57,80.08016810375521
2025-10-01 11:45:00,-30.1,69.04651560375437
2025-10-01 12:00:00,-5.03,11.776067326493594
2025-10-01 12:15:00,59.08,14.256926689181347
2025-10-01 12:30:00,61.33,69.89454947000416
2025-10-01 12:45:00,10.1,53.90594751433478
2025-10-01 13:00:00,10.0,34.33828739771964
2025-10-01 13:15:00,46.77,27.111464605103883
2025-10-01 13:30:00,19.46,40.89478860586339
2025-10-01 13:45:00,64.57,37.74075389782851
2025-10-01 14:00:00,49.57,57.58395473896989
2025-10-01 14:15:00,74.0,45.13748486494309
2025-10-01 14:30:00,76.79,60.27552288216813
2025-10-01 14:45:00,110.67,60.79676052440197
2025-10-01 15:00:00,49.57,101.27710894123491
2025-10-01 15:15:00,47.54,57.574547917565496
2025-10-01 15:30:00,86.77,57.07750712321782
2025-10-01 15:45:00,135.0,84.1969629301475
2025-10-01 16:00:00,119.11,126.30630770499265
2025-10-01 16:15:00,135.0,110.06014277948762
2025-10-01 16:30:00,119.11,130.2960380051396
2025-10-01 16:45:00,89.11,111.61480841923031
2025-10-01 17:00:00,96.9,92.06815480452141
2025-10-01 17:15:00,150.0,98.36834230788203
2025-10-01 17:30:00,135.6,147.48029848445884
2025-10-01 17:45:00,140.0,127.59475329043694
2025-10-01 18:00:00,135.6,132.24291822824472
2025-10-01 18:15:00,150.0,130.2960380051396
2025-10-01 18:30:00,150.0,150.00711308368165
2025-10-01 18:45:00,135.6,149.55510668590972
2025-10-01 19:00:00,129.9,131.66596224398683
2025-10-01 19:15:00,150.0,130.58175645041464
2025-10-01 19:30:00,140.0,149.55510668590972
2025-10-01 19:45:00,135.6,130.8729939893975
2025-10-01 20:00:00,135.6,131.66596224398683
2025-10-01 20:15:00,135.6,130.74804440291152
2025-10-01 20:30:00,100.0,130.2960380051396
2025-10-01 20:45:00,43.0,101.20063274510203
2025-10-01 21:00:00,91.8,55.92058186055758
2025-10-01 21:15:00,122.97,96.0032020690365
2025-10-01 21:30:00,112.97,106.51460979255756
2025-10-01 21:45:00,113.03,103.0747281235002
2025-10-01 22:00:00,54.98,103.0747281235002
2025-10-01 22:15:00,58.62,65.75605972634976
2025-10-01 22:30:00,135.0,71.3167234224166
2025-10-01 22:45:00,114.21,125.85731693629965
2025-10-01 23:00:00,89.11,103.58288175047126
2025-10-01 23:15:00,100.0,91.94531410837284
2025-10-01 23:30:00,100.0,101.20063274510203
2025-10-01 23:45:00,91.0,101.20063274510203
2025-10-02 00:00:00,57.14,94.81539495669288
2025-10-02 00:15:00,59.46,66.00238278445738
2025-10-02 00:30:00,88.56,72.34139098943152
2025-10-02 00:45:00,88.56,89.67139936256777
2025-10-02 01:00:00,59.57,90.63555748815014
2025-10-02 01:15:00,47.26,72.51589839326608
2025-10-02 01:30:00,33.1,57.941071283410984
2025-10-02 01:45:00,51.16,52.41277886864784
2025-10-02 02:00:00,64.87,58.09980735638508
2025-10-02 02:15:00,47.77,76.25906333591307
2025-10-02 02:30:00,42.26,57.84637451425069
2025-10-02 02:45:00,47.26,55.55485801232002
2025-10-02 03:00:00,55.0,56.74737583846477
2025-10-02 03:15:00,80.0,63.67622567989575
2025-10-02 03:30:00,96.0,78.30103550842266
2025-10-02 03:45:00,94.56,93.30971200185091
2025-10-02 04:00:00,79.6,97.92786678585666
2025-10-02 04:15:00,79.5,79.64397385170444
2025-10-02 04:30:00,72.36,79.64397385170444
2025-10-02 04:45:00,69.78,78.93027917169057
2025-10-02 05:00:00,106.0,78.82368773757536
2025-10-02 05:15:00,93.06,101.5465646203882
2025-10-02 05:30:00,69.78,96.73056186774194
2025-10-02 05:45:00,59.57,78.92558787053434
2025-10-02 06:00:00,33.0,72.16474212720279
2025-10-02 06:15:00,106.0,53.30109183855019
2025-10-02 06:30:00,68.56,100.60446072389473
2025-10-02 06:45:00,106.0,77.0932551075819
2025-10-02 07:00:00,114.9,140.28895841077014
2025-10-02 07:15:00,116.69,105.82384759770456
2025-10-02 07:30:00,116.69,110.15695381909062
2025-10-02 07:45:00,107.0,110.15695381909062
2025-10-02 08:00:00,150.0,101.71109483149219
2025-10-02 08:15:00,116.79,149.00657225863796
2025-10-02 08:30:00,97.0,109.8572071351486
2025-10-02 08:45:00,50.0,98.85326386597502
2025-10-02 09:00:00,51.16,58.53521024827778
2025-10-02 09:15:00,64.06,58.7202463375785
2025-10-02 09:30:00,59.57,74.32570750174496
2025-10-02 09:45:00,96.9,69.1222568976609
2025-10-02 10:00:00,133.5,97.3966455846899
2025-10-02 10:15:00,133.5,124.58998041054993
2025-10-02 10:30:00,32.57,126.51150778534227
2025-10-02 10:45:00,133.5,52.692705431494915
2025-10-02 11:00:00,150.0,129.2127925000449
2025-10-02 11:15:00,86.0,147.2164870300588
2025-10-02 11:30:00,77.14,89.57600318877535
2025-10-02 11:45:00,33.0,94.00545053887072
2025-10-02 12:00:00,76.95,51.00143969262447
2025-10-02 12:15:00,-18.5,64.9057978154874
2025-10-02 12:30:00,-30.0,16.672782421024387
2025-10-02 12:45:00,-18.5,8.804505200900557
2025-10-02 13:00:00,-29.7,6.970920168599019
2025-10-02 13:15:00,-29.6,-3.395852770095786
2025-10-02 13:30:00,-30.0,3.6085944104116634
2025-10-02 13:45:00,-29.8,-3.4272266086457805
2025-10-02 14:00:00,-30.0,-3.3362114257362783
2025-10-02 14:15:00,10.0,-6.460816304008471
2025-10-02 14:30:00,-11.77,14.198070814522357
2025-10-02 14:45:00,-1.0,2.6495987015365903
2025-10-02 15:00:00,32.57,20.891548468411607
2025-10-02 15:15:00,100.0,40.05036659739405
2025-10-02 15:30:00,99.0,90.47383695082033
2025-10-02 15:45:00,-3.5,90.51114734418356
2025-10-02 16:00:00,-1.0,22.960269203541003
2025-10-02 16:15:00,69.78,21.774293145457488
2025-10-02 16:30:00,32.57,56.05559923800655
2025-10-02 16:45:00,10.0,45.291371218337375
2025-10-02 17:00:00,75.0,29.70896342822518
2025-10-02 17:15:00,156.8,74.89577606666236
2025-10-02 17:30:00,153.18,157.60247105183606
2025-10-02 17:45:00,133.5,157.34562110806678
2025-10-02 18:00:00,124.9,131.34991932000315
2025-10-02 18:15:00,156.8,115.47640917806088
2025-10-02 18:30:00,156.8,159.51720580511886
2025-10-02 18:45:00,59.0,159.51720580511886
2025-10-02 19:00:00,61.0,72.40911925888472
2025-10-02 19:15:00,73.0,75.43336007249921
2025-10-02 19:30:00,69.99,78.3345894346049
2025-10-02 19:45:00,55.0,78.67929666004412
2025-10-02 20:00:00,59.7,65.10762666407672
2025-10-02 20:15:00,67.75,72.09925919315886
2025-10-02 20:30:00,92.0,77.84770427059813
2025-10-02 20:45:00,133.5,95.03663327894714
2025-10-02 21:00:00,131.0,124.58998041054993
2025-10-02 21:15:00,76.95,125.6555374102978
2025-10-02 21:30:00,105.0,79.98121015681082
2025-10-02 21:45:00,93.09,100.7760613781984
2025-10-02 22:00:00,44.39,96.68265821556137
2025-10-02 22:15:00,131.0,57.89509531450872
2025-10-02 22:30:00,97.0,126.26406082584896
2025-10-02 22:45:00,32.57,92.45667944628013
2025-10-02 23:00:00,77.05,53.059697142067954
2025-10-02 23:15:00,59.57,76.9373325490894
2025-10-02 23:30:00,50.0,69.22480687614421
2025-10-02 23:45:00,32.0,58.40414615826297
2025-10-03 00:00:00,-0.3,52.198888893290906
2025-10-03 00:15:00,78.56,21.552758464996945
2025-10-03 00:30:00,78.56,77.98524516764763
2025-10-03 00:45:00,78.56,60.11249549479087
2025-10-03 01:00:00,44.1,78.89307854754617
2025-10-03 01:15:00,45.48,57.71518520471767
2025-10-03 01:30:00,45.48,57.098485575365814
2025-10-03 01:45:00,45.48,56.355540578224144
2025-10-03 02:00:00,80.0,56.42614911907926
2025-10-03 02:15:00,80.0,77.4879108248264
2025-10-03 02:30:00,96.0,78.76105316591203
2025-10-03 02:45:00,90.36,98.16789476646228
2025-10-03 03:00:00,81.0,91.56720310483435
2025-10-03 03:15:00,85.0,83.27092348861665
2025-10-03 03:30:00,89.0,88.90795056945461
2025-10-03 03:45:00,90.36,91.05649358945706
2025-10-03 04:00:00,111.0,91.45710869909809
2025-10-03 04:15:00,126.35,101.86899960165789
2025-10-03 04:30:00,95.36,124.32634615026369
2025-10-03 04:45:00,99.0,99.26234832822617
2025-10-03 05:00:00,108.77,98.16789476646228
2025-10-03 05:15:00,97.0,102.05033627553938
2025-10-03 05:30:00,78.56,98.84067683405547
2025-10-03 05:45:00,63.0,78.9321619665259
2025-10-03 06:00:00,103.92,77.5976081136002
2025-10-03 06:15:00,85.36,101.35711905945185
2025-10-03 06:30:00,78.56,88.89610901766464
2025-10-03 06:45:00,100.0,78.96354337483115
2025-10-03 07:00:00,125.0,100.5479743948316
2025-10-03 07:15:00,111.0,119.81234145700377
2025-10-03 07:30:00,133.8,101.86899960165789
2025-10-03 07:45:00,105.0,129.94060251032624
2025-10-03 08:00:00,133.8,100.84774070243652
2025-10-03 08:15:00,126.37,130.18144081392694
2025-10-03 08:30:00,116.0,125.59038860550503
2025-10-03 08:45:00,133.8,109.2932746582536
2025-10-03 09:00:00,78.56,129.94060251032624
2025-10-03 09:15:00,78.56,79.81609355202295
2025-10-03 09:30:00,78.56,79.40107703205031
2025-10-03 09:45:00,88.56,78.90663838094423
2025-10-03 10:00:00,116.0,91.3661843802547
2025-10-03 10:15:00,111.0,107.38010076966029
2025-10-03 10:30:00,72.11,102.32121041050856
2025-10-03 10:45:00,56.06,79.48104639235214
2025-10-03 11:00:00,33.0,64.96272952671013
2025-10-03 11:15:00,2.1,52.55631940032855
2025-10-03 11:30:00,-5.85,21.769002053584664
2025-10-03 11:45:00,92.0,20.089478429567876
2025-10-03 12:00:00,125.27,74.93876243893222
2025-10-03 12:15:00,133.8,118.2995854492255
2025-10-03 12:30:00,127.87,126.74341288227725
2025-10-03 12:45:00,78.56,128.26916529923173
2025-10-03 13:00:00,78.56,79.69095665890926
2025-10-03 13:15:00,99.0,79.1782095763427
2025-10-03 13:30:00,111.0,98.31413284344664
2025-10-03 13:45:00,99.0,101.86899960165789
2025-10-03 14:00:00,133.8,98.16789476646228
2025-10-03 14:15:00,96.0,127.4801560992243
2025-10-03 14:30:00,90.0,98.16789476646228
2025-10-03 14:45:00,61.0,91.55053275464863
2025-10-03 15:00:00,77.27,75.0389727196312
2025-10-03 15:15:00,-30.0,78.39830727184565
2025-10-03 15:30:00,-28.3,13.133589145312335
2025-10-03 15:45:00,-11.49,7.505098061498737
2025-10-03 16:00:00,-26.07,-2.409475471089728
2025-10-03 16:15:00,-4.0,4.071925810596286
2025-10-03 16:30:00,78.56,13.973706650575025
2025-10-03 16:45:00,60.5,52.088287119518014
2025-10-03 17:00:00,90.27,56.34641082897425
2025-10-03 17:15:00,80.27,91.1337006702834
2025-10-03 17:30:00,88.56,82.06042554955422
2025-10-03 17:45:00,1662.0,90.49283497999542
2025-10-03 18:00:00,600.0,737.726043844729
2025-10-03 18:15:00,78.56,712.8617422969638
2025-10-03 18:30:00,60.5,83.87675934541093
2025-10-03 18:45:00,26.4,79.9943853027648
2025-10-03 19:00:00,20.5,50.79941213545742
2025-10-03 19:15:00,23.0,48.33294056746704
2025-10-03 19:30:00,23.0,47.63326568843184
2025-10-03 19:45:00,2.0,48.37437973206868
2025-10-03 20:00:00,-1.0,24.026010983169936
2025-10-03 20:15:00,-6.7,23.824490154567588
2025-10-03 20:30:00,-11.49,22.132940164044857
2025-10-03 20:45:00,60.5,19.886711594897523
2025-10-03 21:00:00,-19.89,54.89056378099807
2025-10-03 21:15:00,-4.0,16.039558452289356
2025-10-03 21:30:00,125.0,20.86116487660606
2025-10-03 21:45:00,78.56,119.00557015424445
2025-10-03 22:00:00,71.0,61.323318113385305
2025-10-03 22:15:00,40.0,79.24776425649279
2025-10-03 22:30:00,40.9,51.14408158327608
2025-10-03 22:45:00,58.56,49.476398008758316
2025-10-03 23:00:00,-4.0,64.7318787174061
2025-10-03 23:15:00,52.0,23.5111250426695
2025-10-03 23:30:00,58.56,55.0165166583539
2025-10-03 23:45:00,-86.0,56.88700386439418
2025-10-04 00:00:00,156.0,10.371910203936691
2025-10-04 00:15:00,70.95,248.2952935001556
2025-10-04 00:30:00,59.93,59.390000946839024
2025-10-04 00:45:00,66.0,72.04512927626077
2025-10-04 01:00:00,-20.0,77.0457548819298
2025-10-04 01:15:00,-20.0,40.66294170371283
2025-10-04 01:30:00,-16.49,12.962741962061251
2025-10-04 01:45:00,-32.0,1.8311844443193355
2025-10-04 02:00:00,-29.9,0.6108244125750253
2025-10-04 02:15:00,-30.0,3.821563189595574
2025-10-04 02:30:00,65.9,-11.898631065673792
2025-10-04 02:45:00,-23.0,54.18002107589528
2025-10-04 03:00:00,68.56,17.4799995740037
2025-10-04 03:15:00,65.9,74.1943096496071
2025-10-04 03:30:00,-25.0,57.62850829841253
2025-10-04 03:45:00,43.0,17.216825666293477
2025-10-04 04:00:00,41.35,51.274983971855455
2025-10-04 04:15:00,43.0,45.504662429467345
2025-10-04 04:30:00,43.0,51.12051573079177
2025-10-04 04:45:00,68.56,51.29723215740748
2025-10-04 05:00:00,70.0,74.52469037723948
2025-10-04 05:15:00,-30.0,76.46521955702467
2025-10-04 05:30:00,43.0,12.329446391246394
2025-10-04 05:45:00,85.69,-9.270345539416065
2025-10-04 06:00:00,88.46,71.91675536990805
2025-10-04 06:15:00,15.0,85.69978389037169
2025-10-04 06:30:00,41.35,44.048957252146394
2025-10-04 06:45:00,6.0,52.931792465292894
2025-10-04 07:00:00,-65.0,20.796911978590526
2025-10-04 07:15:00,-4.0,10.184908267294048
2025-10-04 07:30:00,-4.0,8.537529212542388
2025-10-04 07:45:00,68.56,-7.225711294830239
2025-10-04 08:00:00,70.0,53.2596354438576
2025-10-04 08:15:00,88.36,55.52747848249666
2025-10-04 08:30:00,86.46,88.80958912254815
2025-10-04 08:45:00,140.0,89.63432116488933
2025-10-04 09:00:00,140.0,125.66688980623312
2025-10-04 09:15:00,88.56,125.40307835183306
2025-10-04 09:30:00,92.36,89.30556070374585
2025-10-04 09:45:00,90.0,95.85099833025748
2025-10-04 10:00:00,132.7,90.39726685383141
2025-10-04 10:15:00,118.0,124.69025183042275
2025-10-04 10:30:00,68.56,109.03198209351805
2025-10-04 10:45:00,-11.49,76.27064635872647
2025-10-04 11:00:00,-30.0,19.71305682291568
2025-10-04 11:15:00,-30.0,10.845054989303614
2025-10-04 11:30:00,-30.0,3.61782061234445
2025-10-04 11:45:00,-79.9,-9.362424118820577
2025-10-04 12:00:00,33.0,-17.4253079821642
2025-10-04 12:15:00,-11.49,31.162308404077574
2025-10-04 12:30:00,-36.08,-7.5360601289119495
2025-10-04 12:45:00,-30.0,10.142453482259315
2025-10-04 13:00:00,-30.0,4.072454644130723
2025-10-04 13:15:00,-30.0,-12.326342925598835
2025-10-04 13:30:00,30.57,-9.232206974321512
2025-10-04 13:45:00,-4.0,31.352311659622302
2025-10-04 14:00:00,86.45,5.148445613213609
2025-10-04 14:15:00,86.26,75.57347286157295
2025-10-04 14:30:00,2.0,72.36694402422123
2025-10-04 14:45:00,58.19,22.919408189949646
2025-10-04 15:00:00,41.0,61.725357241204875
2025-10-04 15:15:00,30.57,46.670880036674504
2025-10-04 15:30:00,68.56,47.68666206013943
2025-10-04 15:45:00,68.56,72.11047885305932
2025-10-04 16:00:00,88.26,74.75191728432401
2025-10-04 16:15:00,41.0,88.80958912254815
2025-10-04 16:30:00,68.56,53.40826904314099
2025-10-04 16:45:00,88.34,74.4896654868574
2025-10-04 17:00:00,44.0,85.9921077193234
2025-10-04 17:15:00,68.56,54.50534835245315
2025-10-04 17:30:00,61.35,75.1804049408073
2025-10-04 17:45:00,68.16,75.29313189179851
2025-10-04 18:00:00,59.04,76.8279944617364
2025-10-04 18:15:00,59.03,69.24414172906405
2025-10-04 18:30:00,68.56,69.18520019658615
2025-10-04 18:45:00,68.56,76.61853794642283
2025-10-04 19:00:00,59.98,76.78816695487987
2025-10-04 19:15:00,-4.0,71.72583895483645
2025-10-04 19:30:00,68.56,24.266925848193008
2025-10-04 19:45:00,68.56,74.3608391527401
2025-10-04 20:00:00,-11.49,61.30851404007379
2025-10-04 20:15:00,-4.0,20.678256495990468
2025-10-04 20:30:00,-11.49,21.947179711072696
2025-10-04 20:45:00,-30.0,17.547327205127047
2025-10-04 21:00:00,50.0,10.676839932950761
2025-10-04 21:15:00,-16.49,48.39118647444957
2025-10-04 21:30:00,5.0,-0.4779681664436236
2025-10-04 21:45:00,-30.0,22.25044859956539
2025-10-04 22:00:00,-30.0,9.507499316449671
2025-10-04 22:15:00,-19.98,6.005201742730097
2025-10-04 22:30:00,-23.3,-5.532127401386869
2025-10-04 22:45:00,-30.0,-3.6295111405066582
2025-10-04 23:00:00,-35.0,-2.2161784137647462
2025-10-04 23:15:00,7.0,-3.0000824557858885
2025-10-04 23:30:00,-11.49,2.181052876121492
2025-10-04 23:45:00,-20.0,-3.3579544633094556
2025-10-05 00:00:00,-11.49,15.476535707740894
2025-10-05 00:15:00,-4.0,13.910141646370008
2025-10-05 00:30:00,-4.0,11.486644134274474
2025-10-05 00:45:00,-16.49,19.90459984054576
2025-10-05 01:00:00,-11.49,15.277479919546215
2025-10-05 01:15:00,-4.0,17.107595514833637
2025-10-05 01:30:00,-4.0,18.994576041355288
2025-10-05 01:45:00,-41.0,19.742189952188504
2025-10-05 02:00:00,-34.9,10.168070561329369
2025-10-05 02:15:00,-4.0,4.167694189596522
2025-10-05 02:30:00,-4.0,-7.120109695739192
2025-10-05 02:45:00,58.56,-1.7037480467809956
2025-10-05 03:00:00,44.0,51.45535656367935
2025-10-05 03:15:00,-4.0,49.3974182138089
2025-10-05 03:30:00,-4.0,21.63993116805365
2025-10-05 03:45:00,-16.49,21.252787675227186
2025-10-05 04:00:00,-16.49,15.277479919546215
2025-10-05 04:15:00,-34.9,14.525792730564847
2025-10-05 04:30:00,-38.0,8.103068437944328
2025-10-05 04:45:00,-32.0,3.5223180693366474
2025-10-05 05:00:00,-4.0,-12.658347282292642
2025-10-05 05:15:00,-4.0,-7.127510881186523
2025-10-05 05:30:00,-4.0,-2.4727786038226567
2025-10-05 05:45:00,12.0,20.505368311798094
2025-10-05 06:00:00,68.56,37.88513384392861
2025-10-05 06:15:00,62.79,59.134358268621526
2025-10-05 06:30:00,-4.0,59.22997153979958
2025-10-05 06:45:00,-11.49,21.63993116805365
2025-10-05 07:00:00,-12.0,18.66973203925036
2025-10-05 07:15:00,-4.0,16.80679425976787
2025-10-05 07:30:00,12.0,17.370645385534637
2025-10-05 07:45:00,-12.0,35.88812214721113
2025-10-05 08:00:00,-16.49,17.238477999196764
2025-10-05 08:15:00,9.0,15.415760302825795
2025-10-05 08:30:00,-4.0,18.472491430547763
2025-10-05 08:45:00,-11.49,17.350216462090366
2025-10-05 09:00:00,-4.0,17.93533270647329
2025-10-05 09:15:00,30.53,18.199162082277727
2025-10-05 09:30:00,-26.0,38.47803556895688
2025-10-05 09:45:00,-30.0,13.943659779196889
2025-10-05 10:00:00,36.41,5.066514900758644
2025-10-05 10:15:00,46.0,34.98724804063583
2025-10-05 10:30:00,45.0,38.55084562833144
2025-10-05 10:45:00,76.56,51.16094276505292
2025-10-05 11:00:00,118.57,73.2828520726073
2025-10-05 11:15:00,104.5,101.34606193929378
2025-10-05 11:30:00,14.0,100.5369724143482
2025-10-05 11:45:00,68.56,42.906842553091934
2025-10-05 12:00:00,58.56,72.69952667779229
2025-10-05 12:15:00,14.0,51.62236070765287
2025-10-05 12:30:00,33.28,41.518140890467855
2025-10-05 12:45:00,29.71,47.57961406921741
2025-10-05 13:00:00,28.2,41.28004940135361
2025-10-05 13:15:00,44.0,46.63855052358742
2025-10-05 13:30:00,26.26,50.21308102713605
2025-10-05 13:45:00,14.0,44.99861208136567
2025-10-05 14:00:00,10.0,40.88554151493207
2025-10-05 14:15:00,25.64,27.668088383962264
2025-10-05 14:30:00,26.72,42.12213180641238
2025-10-05 14:45:00,-4.0,42.455646079834786
2025-10-05 15:00:00,26.19,19.896304676343128
2025-10-05 15:15:00,25.5,47.33169777436163
2025-10-05 15:30:00,26.37,41.22112396293396
2025-10-05 15:45:00,104.5,47.584507852849676
2025-10-05 16:00:00,124.91,92.07998974884487
2025-10-05 16:15:00,53.0,106.78276619865893
2025-10-05 16:30:00,78.56,62.521494506751026
2025-10-05 16:45:00,104.5,77.48104665415299
2025-10-05 17:00:00,150.0,122.43811632122333
2025-10-05 17:15:00,78.56,148.64436891174128
2025-10-05 17:30:00,150.0,78.70441280568198
2025-10-05 17:45:00,501.0,152.3311945500658
2025-10-05 18:00:00,68.56,505.88088593008933
2025-10-05 18:15:00,77.0,82.15437546234111
2025-10-05 18:30:00,78.56,79.66624999769269
2025-10-05 18:45:00,133.0,78.42722776897453
2025-10-05 19:00:00,140.0,124.58998041054993
2025-10-05 19:15:00,133.0,126.61938529239518
2025-10-05 19:30:00,142.8,129.2127925000449
2025-10-05 19:45:00,140.0,131.32500038716938
2025-10-05 20:00:00,96.0,130.8729939893975
2025-10-05 20:15:00,140.0,98.71783613790687
2025-10-05 20:30:00,104.5,131.32500038716938
2025-10-05 20:45:00,90.0,101.15371343430286
2025-10-05 21:00:00,142.8,92.22735873486914
2025-10-05 21:15:00,81.34,128.17170927469482
2025-10-05 21:30:00,62.01,84.76930449991784
2025-10-05 21:45:00,13.9,78.29637885925709
2025-10-05 22:00:00,-4.0,43.87099551109008
2025-10-05 22:15:00,39.0,21.422751448400223
2025-10-05 22:30:00,68.56,47.39871095880315
2025-10-05 22:45:00,68.56,59.11668493617149
2025-10-05 23:00:00,144.0,76.75559517051876
2025-10-05 23:15:00,-24.0,126.61938529239518
2025-10-05 23:30:00,58.56,25.097468074775808
2025-10-05 23:45:00,88.0,69.29239285497393
2025-10-06 00:00:00,-4.0,72.89458602774333
2025-10-06 00:15:00,-30.0,22.905736172617964
2025-10-06 00:30:00,-22.0,11.8008138885181
2025-10-06 00:45:00,-17.46,9.202767812850443
2025-10-06 01:00:00,-30.0,-2.365219999809642
2025-10-06 01:15:00,-4.0,1.1880849535631488
2025-10-06 01:30:00,-4.0,12.71077131966081
2025-10-06 01:45:00,-4.0,5.116875937810561
2025-10-06 02:00:00,83.74,19.589325846703247
2025-10-06 02:15:00,62.56,67.81201920586903
2025-10-06 02:30:00,80.25,57.47812669618091
2025-10-06 02:45:00,34.79,82.8036705198937
2025-10-06 03:00:00,-4.0,52.83295129080756
2025-10-06 03:15:00,4.57,21.692914768097044
2025-10-06 03:30:00,29.57,21.203022244436045
2025-10-06 03:45:00,-4.0,43.39176940192562
2025-10-06 04:00:00,-11.8,20.47351104739714
2025-10-06 04:15:00,4.57,19.15011010474511
2025-10-06 04:30:00,-4.0,19.64206214183949
2025-10-06 04:45:00,59.57,19.02766831569601
2025-10-06 05:00:00,90.2,54.44765118682638
2025-10-06 05:15:00,100.0,79.5560905606378
2025-10-06 05:30:00,98.9,100.82784784663008
2025-10-06 05:45:00,100.0,100.21509982893868
2025-10-06 06:00:00,118.7,100.5479743948316
2025-10-06 06:15:00,117.3,110.06552541073683
2025-10-06 06:30:00,118.7,109.78264838240237
2025-10-06 06:45:00,118.7,110.36527209467884
2025-10-06 07:00:00,140.0,110.36527209467884
2025-10-06 07:15:00,200.0,129.72912456301418
2025-10-06 07:30:00,200.0,194.59163161580244
2025-10-06 07:45:00,144.0,194.86121527033814
2025-10-06 08:00:00,132.9,139.73744309103856
2025-10-06 08:15:00,140.0,134.74347793681486
2025-10-06 08:30:00,164.0,131.67888257669156
2025-10-06 08:45:00,125.88,162.7950977499608
2025-10-06 09:00:00,150.0,128.58403662556168
2025-10-06 09:15:00,150.0,153.95932848763576
2025-10-06 09:30:00,175.0,149.28552303137403
2025-10-06 09:45:00,140.0,178.5401223306512
2025-10-06 10:00:00,200.0,132.24291822824472
2025-10-06 10:15:00,200.0,196.42457543076435
2025-10-06 10:30:00,150.0,193.36104311263446
2025-10-06 10:45:00,92.9,161.73774735786665
2025-10-06 11:00:00,56.75,97.64685023182263
2025-10-06 11:15:00,99.9,65.42280975302808
2025-10-06 11:30:00,100.0,100.13592568310703
2025-10-06 11:45:00,140.0,96.19070900349881
2025-10-06 12:00:00,180.0,128.29093643279225
2025-10-06 12:15:00,154.38,210.04735328753807
2025-10-06 12:30:00,97.38,163.46312189176234
2025-10-06 12:45:00,99.28,99.20275769599986
2025-10-06 13:00:00,97.28,99.20275769599986
2025-10-06 13:15:00,98.87,98.71783613790687
2025-10-06 13:30:00,90.0,98.71783613790687
2025-10-06 13:45:00,89.6,92.10047412609323
2025-10-06 14:00:00,80.57,91.99037972035696
2025-10-06 14:15:00,107.24,83.53633014752386
2025-10-06 14:30:00,117.7,101.69340241976981
2025-10-06 14:45:00,102.57,108.0916201456326
2025-10-06 15:00:00,106.48,101.0747439564285
2025-10-06 15:15:00,180.4,101.2282721870491
2025-10-06 15:30:00,152.57,178.29136225773308
2025-10-06 15:45:00,93.0,156.9567653748444
2025-10-06 16:00:00,139.9,97.04862691697566
2025-10-06 16:15:00,28.77,132.09275258854814
2025-10-06 16:30:00,109.9,53.417714966587475
2025-10-06 16:45:00,59.57,100.84597761726744
2025-10-06 17:00:00,400.0,70.2069415628705
2025-10-06 17:15:00,389.81,361.35982998216815
2025-10-06 17:30:00,164.0,382.9722177070886
2025-10-06 17:45:00,180.0,175.09372158265006
2025-10-06 18:00:00,150.0,187.70349071720898
2025-10-06 18:15:00,150.0,155.58030044467995
2025-10-06 18:30:00,174.3,164.180951596018
2025-10-06 18:45:00,174.3,177.85202830254096
2025-10-06 19:00:00,153.0,177.85202830254096
2025-10-06 19:15:00,152.9,163.64343608272566
2025-10-06 19:30:00,164.0,163.64343608272566
2025-10-06 19:45:00,153.0,166.52697351132727
2025-10-06 20:00:00,164.0,162.672255936947
2025-10-06 20:15:00,164.0,166.8803093806011
2025-10-06 20:30:00,174.3,166.52697351132727
2025-10-06 20:45:00,150.0,178.66994719607436
2025-10-06 21:00:00,118.7,153.95932848763576
2025-10-06 21:15:00,164.0,112.44862165313798
2025-10-06 21:30:00,80.66,165.25217544303115
2025-10-06 21:45:00,164.0,84.94406736828734
2025-10-06 22:00:00,138.9,166.8803093806011
2025-10-06 22:15:00,138.9,125.96493517996544
2025-10-06 22:30:00,82.5,132.44608845782196
2025-10-06 22:45:00,82.5,86.7644824861716
2025-10-06 23:00:00,122.0,86.47366383196515
2025-10-06 23:15:00,89.34,111.92019434055335
2025-10-06 23:30:00,138.9,92.12545860191014
2025-10-06 23:45:00,81.5,129.2597868224221
2025-10-07 00:00:00,94.69,85.00661553468319
2025-10-07 00:15:00,99.22,99.15059022489444
2025-10-07 00:30:00,117.7,98.91828367932663
2025-10-07 00:45:00,117.7,109.8572071351486
2025-10-07 01:00:00,95.22,109.8572071351486
2025-10-07 01:15:00,120.2,98.63817756972576
2025-10-07 01:30:00,117.7,112.59553393789366
2025-10-07 01:45:00,117.7,109.8572071351486
2025-10-07 02:00:00,96.52,109.8572071351486
2025-10-07 02:15:00,92.81,98.7923948906531
2025-10-07 02:30:00,98.75,96.79890648326298
2025-10-07 02:45:00,102.68,98.7923948906531
2025-10-07 03:00:00,88.0,101.0747439564285
2025-10-07 03:15:00,88.0,91.72307569408089
2025-10-07 03:30:00,88.0,91.61298128834464
2025-10-07 03:45:00,88.0,90.83829908779245
2025-10-07 04:00:00,96.52,91.51108115538564
2025-10-07 04:15:00,87.99,98.91828367932663
2025-10-07 04:30:00,88.88,90.94839349352873
2025-10-07 04:45:00,97.17,91.83521970263656
2025-10-07 05:00:00,117.7,100.96548874180301
2025-10-07 05:15:00,120.2,109.43220938644501
2025-10-07 05:30:00,109.63,112.73189653492072
2025-10-07 05:45:00,78.63,102.70299462580981
2025-10-07 06:00:00,161.0,80.44139420959532
2025-10-07 06:15:00,161.0,161.33421427836717
2025-10-07 06:30:00,140.0,161.33421427836717
2025-10-07 06:45:00,124.43,132.91542619841405
2025-10-07 07:00:00,201.0,115.19679431976972
2025-10-07 07:15:00,201.0,195.13925592664899
2025-10-07 07:30:00,140.0,194.86967227211326
2025-10-07 07:45:00,97.39,141.21118007975247
2025-10-07 08:00:00,105.81,99.87553976359304
2025-10-07 08:15:00,200.0,101.96285809892312
2025-10-07 08:30:00,169.0,193.9175496608004
2025-10-07 08:45:00,86.81,161.7069631190745
2025-10-07 09:00:00,140.0,91.19932824976996
2025-10-07 09:15:00,110.91,132.91542619841405
2025-10-07 09:30:00,80.81,102.17290828213287
2025-10-07 09:45:00,70.13,83.93279655721568
2025-10-07 10:00:00,70.13,77.11994182405067
2025-10-07 10:15:00,114.91,76.67453074305502
2025-10-07 10:30:00,100.0,105.19328592538459
2025-10-07 10:45:00,54.74,100.8356549925783
2025-10-07 11:00:00,49.64,64.44910463328416
2025-10-07 11:15:00,41.32,57.09943047208084
2025-10-07 11:30:00,42.0,53.00864224245691
2025-10-07 11:45:00,35.82,52.640903794440526
2025-10-07 12:00:00,56.22,54.07782691736993
2025-10-07 12:15:00,44.38,60.89719321212322
2025-10-07 12:30:00,49.64,54.4803384225095
2025-10-07 12:45:00,67.44,56.28184804004251
2025-10-07 13:00:00,111.85,73.79760704440237
2025-10-07 13:15:00,141.62,92.9321117227926
2025-10-07 13:30:00,154.0,126.61938529239518
2025-10-07 13:45:00,200.0,157.3917558118684
2025-10-07 14:00:00,145.4,196.96272298449227
2025-10-07 14:15:00,150.0,134.78528606347527
2025-10-07 14:30:00,140.0,160.1167754008225
2025-10-07 14:45:00,157.91,131.67888257669156
2025-10-07 15:00:00,150.0,162.75126173029693
2025-10-07 15:15:00,130.0,150.00711308368165
2025-10-07 15:30:00,140.0,130.90092855131016
2025-10-07 15:45:00,150.0,132.24291822824472
2025-10-07 16:00:00,100.0,149.28552303137403
2025-10-07 16:15:00,140.0,101.00018520368226
2025-10-07 16:30:00,118.02,132.24291822824472
2025-10-07 16:45:00,110.02,110.06552541073683
2025-10-07 17:00:00,101.12,101.82976501679687
2025-10-07 17:15:00,111.0,101.13654780070932
2025-10-07 17:30:00,118.02,102.32121041050856
2025-10-07 17:45:00,97.0,110.06552541073683
2025-10-07 18:00:00,75.08,99.39061820550006
2025-10-07 18:15:00,68.5,79.6373612160598
2025-10-07 18:30:00,140.0,78.87143096361096
2025-10-07 18:45:00,150.0,126.61938529239518
2025-10-07 19:00:00,141.0,147.2164870300588
2025-10-07 19:15:00,141.0,131.32500038716938
2025-10-07 19:30:00,120.2,132.24291822824472
2025-10-07 19:45:00,120.2,113.60173882370874
2025-10-07 20:00:00,117.7,113.67629757645499
2025-10-07 20:15:00,120.2,110.15695381909062
2025-10-07 20:30:00,117.7,112.73189653492072
2025-10-07 20:45:00,117.7,109.8572071351486
2025-10-07 21:00:00,117.7,110.15695381909062
2025-10-07 21:15:00,120.2,109.8572071351486
2025-10-07 21:30:00,117.7,112.59553393789366
2025-10-07 21:45:00,97.32,109.8572071351486
2025-10-07 22:00:00,87.81,98.7923948906531
2025-10-07 22:15:00,120.2,91.05029362648773
2025-10-07 22:30:00,103.24,112.59553393789366
2025-10-07 22:45:00,100.0,101.0747439564285
2025-10-07 23:00:00,127.82,101.20063274510203
2025-10-07 23:15:00,120.2,125.9055682226482
2025-10-07 23:30:00,140.0,112.59553393789366
2025-10-07 23:45:00,141.0,130.8729939893975
2025-10-08 00:00:00,117.23,129.72912456301418
2025-10-08 00:15:00,72.39,110.7300557076716
2025-10-08 00:30:00,100.0,80.21680055151745
2025-10-08 00:45:00,101.33,101.20063274510203
2025-10-08 01:00:00,106.94,101.03610253399803
2025-10-08 01:15:00,124.52,102.16330564034286
2025-10-08 01:30:00,96.09,113.49065405266127
2025-10-08 01:45:00,101.33,99.59106574691981
2025-10-08 02:00:00,98.52,102.00977740972229
2025-10-08 02:15:00,87.62,99.59106574691981
2025-10-08 02:30:00,97.9,91.72307569408089
2025-10-08 02:45:00,44.0,99.59106574691981
2025-10-08 03:00:00,102.04,57.70039712210867
2025-10-08 03:15:00,85.42,102.00977740972229
2025-10-08 03:30:00,85.42,85.90817771480974
2025-10-08 03:45:00,96.94,90.18204291113352
2025-10-08 04:00:00,107.04,98.7923948906531
2025-10-08 04:15:00,78.39,102.57710583713627
2025-10-08 04:30:00,79.22,80.04885569144821
2025-10-08 04:45:00,79.12,79.63383917147559
2025-10-08 05:00:00,78.59,79.5319390385166
2025-10-08 05:15:00,101.23,79.40680214540289
2025-10-08 05:30:00,88.94,101.1218200765877
2025-10-08 05:45:00,85.52,91.5374412435475
2025-10-08 06:00:00,59.44,89.82422093139323
2025-10-08 06:15:00,76.95,72.3907615001524
2025-10-08 06:30:00,87.32,78.84573561278248
2025-10-08 06:45:00,72.25,90.34759692263884
2025-10-08 07:00:00,107.04,79.07175498573208
2025-10-08 07:15:00,93.42,102.25078381695914
2025-10-08 07:30:00,97.04,96.21032368938793
2025-10-08 07:45:00,97.04,98.36834230788203
2025-10-08 08:00:00,97.04,98.36834230788203
2025-10-08 08:15:00,140.0,98.36834230788203
2025-10-08 08:30:00,103.52,128.17170927469482
2025-10-08 08:45:00,103.52,100.88478453327839
2025-10-08 09:00:00,91.04,101.03102261026275
2025-10-08 09:15:00,103.52,94.60703198224512
2025-10-08 09:30:00,97.04,101.03102261026275
2025-10-08 09:45:00,112.04,98.6123109474603
2025-10-08 10:00:00,125.04,102.76875539163387
2025-10-08 10:15:00,102.04,137.84389226597398
2025-10-08 10:30:00,112.04,100.8946600132357
2025-10-08 10:45:00,107.04,102.76875539163387
2025-10-08 11:00:00,87.42,101.97842137959022
2025-10-08 11:15:00,96.72,90.96100714961987
2025-10-08 11:30:00,90.94,99.37589048137845
2025-10-08 11:45:00,72.25,93.89039441031667
2025-10-08 12:00:00,67.43,78.47639089379813
2025-10-08 12:15:00,61.39,78.11119343227365
2025-10-08 12:30:00,50.0,76.47842990865666
2025-10-08 12:45:00,54.13,57.89848710198044
2025-10-08 13:00:00,61.49,63.6700782205893
2025-10-08 13:15:00,67.43,75.42562490890698
2025-10-08 13:30:00,59.54,77.28940458379869
2025-10-08 13:45:00,61.49,71.15508307587206
2025-10-08 14:00:00,76.73,76.45145717347317
2025-10-08 14:15:00,73.14,77.68825009716947
2025-10-08 14:30:00,112.04,77.95409697697559
2025-10-08 14:45:00,131.5,102.25753956212579
2025-10-08 15:00:00,89.04,124.58998041054993
2025-10-08 15:15:00,95.9,91.39537273692824
2025-10-08 15:30:00,90.5,98.2424535192085
2025-10-08 15:45:00,91.04,91.7686464663565
2025-10-08 16:00:00,140.0,94.33490511658724
2025-10-08 16:15:00,133.6,127.09277919129111
2025-10-08 16:30:00,123.0,125.6555374102978
2025-10-08 16:45:00,140.0,114.69886345468058
2025-10-08 17:00:00,162.04,130.8729939893975
2025-10-08 17:15:00,150.0,162.14339813651742
2025-10-08 17:30:00,160.04,150.00711308368165
2025-10-08 17:45:00,562.43,166.8803093806011
2025-10-08 18:00:00,125.4,814.9228687841648
2025-10-08 18:15:00,112.04,190.2961176525071
2025-10-08 18:30:00,121.2,103.86245909224344
2025-10-08 18:45:00,122.1,114.24218016616582
2025-10-08 19:00:00,148.5,113.35429145563421
2025-10-08 19:15:00,186.7,135.86742011430516
2025-10-08 19:30:00,162.04,183.44254336437973
2025-10-08 19:45:00,160.0,164.6652572499853
2025-10-08 20:00:00,90.94,168.80894817157744
2025-10-08 20:15:00,90.94,94.12985809233405
2025-10-08 20:30:00,121.2,93.45707602474087
2025-10-08 20:45:00,125.2,112.48687418851779
2025-10-08 21:00:00,72.25,121.76816604920481
2025-10-08 21:15:00,89.04,80.21680055151745
2025-10-08 21:30:00,103.6,91.83521970263656
2025-10-08 21:45:00,88.94,101.03610253399803
2025-10-08 22:00:00,76.63,92.00679806232881
2025-10-08 22:15:00,88.94,79.40924551339772
2025-10-08 22:30:00,88.74,91.73331956967758
2025-10-08 22:45:00,71.62,91.56878935857358
2025-10-08 23:00:00,85.48,79.30734538043873
2025-10-08 23:15:00,80.58,90.02829353030056
2025-10-08 23:30:00,85.52,83.8241894742767
2025-10-08 23:45:00,100.0,90.02829353030056
2025-10-09 00:00:00,140.0,101.20063274510203
2025-10-09 00:15:00,100.0,126.61938529239518
2025-10-09 00:30:00,104.69,101.20063274510203
2025-10-09 00:45:00,104.69,101.35416097572262
2025-10-09 01:00:00,100.0,101.35416097572262
2025-10-09 01:15:00,111.0,101.20063274510203
2025-10-09 01:30:00,140.0,102.52165795192832
2025-10-09 01:45:00,140.0,128.17170927469482
2025-10-09 02:00:00,113.69,128.17170927469482
2025-10-09 02:15:00,89.04,103.0747281235002
2025-10-09 02:30:00,113.69,91.94531410837284
2025-10-09 02:45:00,97.49,103.88387278812043
2025-10-09 03:00:00,97.49,98.91828367932663
2025-10-09 03:15:00,85.75,98.91828367932663
2025-10-09 03:30:00,83.75,90.24028806899581
2025-10-09 03:45:00,89.04,88.86948843051564
2025-10-09 04:00:00,85.75,92.40610163727075
2025-10-09 04:15:00,102.69,90.70107559789375
2025-10-09 04:30:00,91.75,101.50037942904406
2025-10-09 04:45:00,75.0,97.35722355742358
2025-10-09 05:00:00,89.04,79.29879201180478
2025-10-09 05:15:00,83.75,92.50800177022975
2025-10-09 05:30:00,93.45,88.92024127601326
2025-10-09 05:45:00,91.75,98.9720003344129
2025-10-09 06:00:00,180.0,96.84782557674538
2025-10-09 06:15:00,157.69,178.29136225773308
2025-10-09 06:30:00,177.0,158.16100206593146
2025-10-09 06:45:00,163.69,180.14974020663786
2025-10-09 07:00:00,141.69,166.52697351132727
2025-10-09 07:15:00,140.0,134.70040145941502
2025-10-09 07:30:00,150.0,132.91542619841405
2025-10-09 07:45:00,140.0,150.3609952732038
2025-10-09 08:00:00,99.45,131.32500038716938
2025-10-09 08:15:00,171.75,99.40320523741963
2025-10-09 08:30:00,140.0,163.55319587968143
2025-10-09 08:45:00,97.69,128.17170927469482
2025-10-09 09:00:00,151.31,99.40320523741963
2025-10-09 09:15:00,114.77,152.44481797907957
2025-10-09 09:30:00,89.04,104.89066488231452
2025-10-09 09:45:00,70.09,91.38912569938437
2025-10-09 10:00:00,85.75,78.96116195461012
2025-10-09 10:15:00,91.75,89.0935881530875
2025-10-09 10:30:00,127.0,96.51991127872643
2025-10-09 10:45:00,62.14,123.98404084785587
2025-10-09 11:00:00,33.35,75.76891296062057
2025-10-09 11:15:00,74.37,52.58909779322737
2025-10-09 11:30:00,81.55,73.74635020649403
2025-10-09 11:45:00,91.15,78.95978052438531
2025-10-09 12:00:00,63.06,134.2941969052789
2025-10-09 12:15:00,83.15,76.38971254703742
2025-10-09 12:30:00,93.45,85.07205806655702
2025-10-09 12:45:00,99.34,96.10670989506116
2025-10-09 13:00:00,150.0,98.71783613790687
2025-10-09 13:15:00,151.25,147.95274365257592
2025-10-09 13:30:00,163.25,150.76319738868116
2025-10-09 13:45:00,117.25,165.62492428373847
2025-10-09 14:00:00,151.25,111.15342782001451
2025-10-09 14:15:00,151.1,156.769782223741
2025-10-09 14:30:00,150.0,150.7390982856264
2025-10-09 14:45:00,150.0,153.16236800289727
2025-10-09 15:00:00,150.0,153.16236800289727
2025-10-09 15:15:00,151.25,152.3311945500658
2025-10-09 15:30:00,96.19,155.14164828617103
2025-10-09 15:45:00,94.25,99.20275769599986
2025-10-09 16:00:00,61.68,97.45873089665966
2025-10-09 16:15:00,60.21,77.7562077286646
2025-10-09 16:30:00,62.21,74.39247460501747
2025-10-09 16:45:00,83.75,77.01152670642374
2025-10-09 17:00:00,60.21,87.91007679667618
2025-10-09 17:15:00,93.45,74.71287642540004
2025-10-09 17:30:00,82.99,96.79890648326298
2025-10-09 17:45:00,66.87,85.23920525506564
2025-10-09 18:00:00,72.37,79.14594818483224
2025-10-09 18:15:00,72.57,79.08132600748911
2025-10-09 18:30:00,62.5,79.16295430290748
2025-10-09 18:45:00,89.04,77.90384034110998
2025-10-09 19:00:00,140.0,92.24157142616677
2025-10-09 19:15:00,140.0,126.61938529239518
2025-10-09 19:30:00,140.0,126.88319674679525
2025-10-09 19:45:00,140.0,131.32500038716938
2025-10-09 20:00:00,140.0,131.32500038716938
2025-10-09 20:15:00,111.0,131.32500038716938
2025-10-09 20:30:00,111.0,103.20491382787503
2025-10-09 20:45:00,117.0,102.39576916325478
2025-10-09 21:00:00,91.75,110.15695381909062
2025-10-09 21:15:00,111.0,96.59515501296256
2025-10-09 21:30:00,133.0,102.21568522006199
2025-10-09 21:45:00,151.69,125.6555374102978
2025-10-09 22:00:00,93.45,150.39044854797385
2025-10-09 22:15:00,112.4,96.79890648326298
2025-10-09 22:30:00,89.04,103.85987472054347
2025-10-09 22:45:00,91.75,91.94531410837284
2025-10-09 23:00:00,79.97,96.6844414898304
2025-10-09 23:15:00,100.0,80.23522900283245
2025-10-09 23:30:00,108.95,101.20063274510203
2025-10-09 23:45:00,106.75,101.89384996118957
2025-10-10 00:00:00,54.19,101.35416097572262
2025-10-10 00:15:00,75.32,64.76025963833833
2025-10-10 00:30:00,67.81,78.59261694194458
2025-10-10 00:45:00,76.17,78.45078985229588
2025-10-10 01:00:00,137.0,79.08132600748911
2025-10-10 01:15:00,139.0,125.85731693629965
2025-10-10 01:30:00,100.0,125.96493517996544
2025-10-10 01:45:00,111.1,101.33699534212909
2025-10-10 02:00:00,96.19,103.33080261654855
2025-10-10 02:15:00,89.75,99.59106574691981
2025-10-10 02:30:00,90.19,92.90014080246233
2025-10-10 02:45:00,89.65,92.983175632617
2025-10-10 03:00:00,65.2,92.68814626376707
2025-10-10 03:15:00,83.0,78.606393809728
2025-10-10 03:30:00,79.0,86.00743027907828
2025-10-10 03:45:00,87.84,79.26241106787167
2025-10-10 04:00:00,80.24,90.53232635592613
2025-10-10 04:15:00,70.0,83.40511533490479
2025-10-10 04:30:00,73.0,78.96516355161687
2025-10-10 04:45:00,69.0,78.84573561278248
2025-10-10 05:00:00,119.0,78.80845765716661
2025-10-10 05:15:00,101.1,108.53144036252064
2025-10-10 05:30:00,105.0,100.43134783590818
2025-10-10 05:45:00,96.19,100.90195016687194
2025-10-10 06:00:00,150.0,98.36834230788203
2025-10-10 06:15:00,149.17,147.95274365257592
2025-10-10 06:30:00,106.0,134.6294064911062
2025-10-10 06:45:00,91.1,101.87616320062955
2025-10-10 07:00:00,78.36,134.77718163766033
2025-10-10 07:15:00,96.79,79.5087022783619
2025-10-10 07:30:00,96.1,99.2850930150535
2025-10-10 07:45:00,99.0,99.12056280394951
2025-10-10 08:00:00,140.0,99.2850930150535
2025-10-10 08:15:00,156.1,128.17170927469482
2025-10-10 08:30:00,159.0,172.89183176121955
2025-10-10 08:45:00,150.0,160.0544314232055
2025-10-10 09:00:00,116.0,153.60599261836194
2025-10-10 09:15:00,96.1,109.67937542883257
2025-10-10 09:30:00,106.1,99.95009851633928
2025-10-10 09:45:00,85.9,102.03741685166933
2025-10-10 10:00:00,50.97,90.05618679869922
2025-10-10 10:15:00,70.11,58.850209879235635
2025-10-10 10:30:00,200.0,77.10276953248996
2025-10-10 10:45:00,156.1,190.3310206590082
2025-10-10 11:00:00,89.22,172.70131559858908
2025-10-10 11:15:00,89.75,91.6916960847156
2025-10-10 11:30:00,91.1,91.54428571710476
2025-10-10 11:45:00,82.32,94.8102877352856
2025-10-10 12:00:00,88.92,84.9694249624585
2025-10-10 12:15:00,83.78,91.37051579685725
2025-10-10 12:30:00,96.1,87.96940119497359
2025-10-10 12:45:00,135.0,98.71783613790687
2025-10-10 13:00:00,151.85,125.85731693629965
2025-10-10 13:15:00,101.1,150.39044854797385
2025-10-10 13:30:00,265.0,101.0747439564285
2025-10-10 13:45:00,150.0,293.15298391945396
2025-10-10 14:00:00,180.0,149.5737156096201
2025-10-10 14:15:00,156.1,182.6968377124465
2025-10-10 14:30:00,174.6,177.66172187056364
2025-10-10 14:45:00,250.1,179.11622950428472
2025-10-10 15:00:00,265.0,238.87318960515637
2025-10-10 15:15:00,368.59,267.0723589595632
2025-10-10 15:30:00,180.0,263.50904520219524
2025-10-10 15:45:00,106.1,182.31354553527026
2025-10-10 16:00:00,150.0,102.27293427748126
2025-10-10 16:15:00,131.1,164.180951596018
2025-10-10 16:30:00,83.72,126.51150778534227
2025-10-10 16:45:00,90.0,89.2293032699646
2025-10-10 17:00:00,139.0,92.11726432913288
2025-10-10 17:15:00,109.0,125.96493517996544
2025-10-10 17:30:00,94.0,102.22448821373564
2025-10-10 17:45:00,72.33,97.8559146540248
2025-10-10 18:00:00,119.0,79.40924551339772
2025-10-10 18:15:00,99.0,110.89582557606268
2025-10-10 18:30:00,102.14,99.2002101178807
2025-10-10 18:45:00,99.0,101.53127099764812
2025-10-10 19:00:00,137.0,99.3647403289847
2025-10-10 19:15:00,110.0,127.59475329043694
2025-10-10 19:30:00,89.75,102.22448821373564
2025-10-10 19:45:00,89.65,92.22735873486914
2025-10-10 20:00:00,86.29,92.79004639672607
2025-10-10 20:15:00,60.39,91.51108115538564
2025-10-10 20:30:00,64.33,74.76612659041244
2025-10-10 20:45:00,93.9,78.14595560974892
2025-10-10 21:00:00,114.0,96.21386060233414
2025-10-10 21:15:00,137.0,102.6317652344835
2025-10-10 21:30:00,137.0,127.34730633094361
2025-10-10 21:45:00,98.0,127.59475329043694
2025-10-10 22:00:00,109.0,98.7923948906531
2025-10-10 22:15:00,95.32,101.76796117251604
2025-10-10 22:30:00,140.0,100.55963052001016
2025-10-10 22:45:00,137.0,128.17170927469482
2025-10-10 23:00:00,88.0,127.59475329043694
2025-10-10 23:15:00,70.0,91.05029362648773
2025-10-10 23:30:00,98.0,79.58473909583665
2025-10-10 23:45:00,137.0,98.91828367932663
2025-10-11 00:00:00,100.66,125.85731693629965
2025-10-11 00:15:00,68.34,101.20063274510203
2025-10-11 00:30:00,53.27,79.84304972135902
2025-10-11 00:45:00,61.84,63.94121876109223
2025-10-11 01:00:00,83.0,76.94305466651181
2025-10-11 01:15:00,61.5,82.95056583360676
2025-10-11 01:30:00,94.22,77.52385886887211
2025-10-11 01:45:00,84.66,97.7762673400936
2025-10-11 02:00:00,100.22,88.69909772609093
2025-10-11 02:15:00,58.8,101.70380467785596
2025-10-11 02:30:00,58.8,72.54770626661079
2025-10-11 02:45:00,94.02,71.84772884121064
2025-10-11 03:00:00,97.42,98.08098172161773
2025-10-11 03:15:00,85.75,99.73326171550417
2025-10-11 03:30:00,61.5,90.50936684212877
2025-10-11 03:45:00,61.5,77.66824994640335
2025-10-11 04:00:00,61.5,77.44223057345374
2025-10-11 04:15:00,85.75,77.2978394959225
2025-10-11 04:30:00,83.76,89.00959855415518
2025-10-11 04:45:00,53.52,87.74889332141129
2025-10-11 05:00:00,91.6,64.75761563293152
2025-10-11 05:15:00,91.5,96.13450011838582
2025-10-11 05:30:00,92.66,90.93781133724843
2025-10-11 05:45:00,81.56,96.37485390049193
2025-10-11 06:00:00,92.32,84.37865980682254
2025-10-11 06:15:00,92.42,96.37485390049193
2025-10-11 06:30:00,92.42,96.37485390049193
2025-10-11 06:45:00,92.66,96.37485390049193
2025-10-11 07:00:00,98.66,97.0476359680851
2025-10-11 07:15:00,110.0,98.36834230788203
2025-10-11 07:30:00,110.0,101.44163915233888
2025-10-11 07:45:00,110.0,101.44163915233888
2025-10-11 08:00:00,61.5,101.44163915233888
2025-10-11 08:15:00,83.0,78.08326646637597
2025-10-11 08:30:00,68.34,85.79491359444486
2025-10-11 08:45:00,94.32,78.28979600787532
2025-10-11 09:00:00,107.66,96.85951663292215
2025-10-11 09:15:00,111.66,101.93370971661598
2025-10-11 09:30:00,136.5,103.43166197926976
2025-10-11 09:45:00,110.0,127.59475329043694
2025-10-11 10:00:00,107.66,101.58787722932324
2025-10-11 10:15:00,136.5,101.58787722932324
2025-10-11 10:30:00,150.0,127.59475329043694
2025-10-11 10:45:00,136.5,147.95274365257592
2025-10-11 11:00:00,127.0,130.2960380051396
2025-10-11 11:15:00,115.66,129.4117812361674
2025-10-11 11:30:00,111.66,106.84089901982738
2025-10-11 11:45:00,117.42,103.75798399944689
2025-10-11 12:00:00,92.66,109.97643429324604
2025-10-11 12:15:00,100.56,96.9247952719365
2025-10-11 12:30:00,98.18,101.20063274510203
2025-10-11 12:45:00,92.42,98.91828367932663
2025-10-11 13:00:00,96.56,96.9247952719365
2025-10-11 13:15:00,94.0,98.91828367932663
2025-10-11 13:30:00,94.0,97.40945800436674
2025-10-11 13:45:00,92.02,97.40945800436674
2025-10-11 14:00:00,92.52,96.6844414898304
2025-10-11 14:15:00,89.1,96.9247952719365
2025-10-11 14:30:00,136.5,91.83521970263656
2025-10-11 14:45:00,136.5,126.92389528723014
2025-10-11 15:00:00,140.0,126.12112839069971
2025-10-11 15:15:00,140.0,130.8729939893975
2025-10-11 15:30:00,140.0,130.8729939893975
2025-10-11 15:45:00,150.0,131.32500038716938
2025-10-11 16:00:00,136.5,150.00711308368165
2025-10-11 16:15:00,104.66,130.74804440291152
2025-10-11 16:30:00,109.9,101.9654496774974
2025-10-11 16:45:00,110.0,101.89384996118957
2025-10-11 17:00:00,140.0,101.89384996118957
2025-10-11 17:15:00,136.5,128.17170927469482
2025-10-11 17:30:00,136.5,127.59475329043694
2025-10-11 17:45:00,136.5,130.74804440291152
2025-10-11 18:00:00,136.5,130.2960380051396
2025-10-11 18:15:00,128.0,130.2960380051396
2025-10-11 18:30:00,150.0,128.60685293735088
2025-10-11 18:45:00,136.5,149.55510668590972
2025-10-11 19:00:00,136.5,130.2960380051396
2025-10-11 19:15:00,130.0,131.66596224398683
2025-10-11 19:30:00,63.52,129.2127925000449
2025-10-11 19:45:00,70.0,79.17074267779816
2025-10-11 20:00:00,106.56,79.46917322447999
2025-10-11 20:15:00,136.5,101.03708687537944
2025-10-11 20:30:00,136.5,125.85731693629965
2025-10-11 20:45:00,136.5,127.59475329043694
2025-10-11 21:00:00,136.5,130.2960380051396
2025-10-11 21:15:00,136.5,130.2960380051396
2025-10-11 21:30:00,136.5,130.2960380051396
2025-10-11 21:45:00,136.5,130.2960380051396
2025-10-11 22:00:00,111.0,130.2960380051396
2025-10-11 22:15:00,106.46,103.33080261654855
2025-10-11 22:30:00,135.0,102.16330564034286
2025-10-11 22:45:00,135.0,127.59475329043694
2025-10-11 23:00:00,90.0,127.59475329043694
2025-10-11 23:15:00,92.02,92.22735873486914
2025-10-11 23:30:00,136.5,96.6844414898304
2025-10-11 23:45:00,146.0,126.33071083519559
2025-10-12 00:00:00,83.0,127.50085127148803
2025-10-12 00:15:00,83.0,86.7644824861716
2025-10-12 00:30:00,136.2,86.47366383196515
2025-10-12 00:45:00,94.36,125.85731693629965
2025-10-12 01:00:00,82.36,115.59983426927296
2025-10-12 01:15:00,79.61,86.28006940703769
2025-10-12 01:30:00,124.0,80.11877062304652
2025-10-12 01:45:00,78.58,111.66326321886443
2025-10-12 02:00:00,105.0,80.05740906008218
2025-10-12 02:15:00,87.63,101.35416097572262
2025-10-12 02:30:00,92.42,91.62117556112189
2025-10-12 02:45:00,87.63,97.59757733952969
2025-10-12 03:00:00,94.06,91.51108115538564
2025-10-12 03:15:00,77.0,98.08224007195992
2025-10-12 03:30:00,92.42,79.30734538043873
2025-10-12 03:45:00,132.0,97.59757733952969
2025-10-12 04:00:00,94.16,124.58998041054993
2025-10-12 04:15:00,66.24,97.40945800436674
2025-10-12 04:30:00,92.62,79.24468193850777
2025-10-12 04:45:00,136.2,96.9247952719365
2025-10-12 05:00:00,136.2,125.85731693629965
2025-10-12 05:15:00,80.72,126.92389528723014
2025-10-12 05:30:00,140.0,84.94406736828734
2025-10-12 05:45:00,140.0,130.8729939893975
2025-10-12 06:00:00,87.43,126.61938529239518
2025-10-12 06:15:00,94.37,91.21367771340269
2025-10-12 06:30:00,79.0,100.63345095225075
2025-10-12 06:45:00,79.0,79.40680214540289
2025-10-12 07:00:00,79.0,79.5087022783619
2025-10-12 07:15:00,79.0,79.40680214540289
2025-10-12 07:30:00,79.0,79.42551472996288
2025-10-12 07:45:00,107.35,79.40680214540289
2025-10-12 08:00:00,109.0,101.80456348432172
2025-10-12 08:15:00,130.1,102.61370814894197
2025-10-12 08:30:00,85.0,126.51150778534227
2025-10-12 08:45:00,85.0,89.83975480429982
2025-10-12 09:00:00,85.0,89.72966039856354
2025-10-12 09:15:00,111.0,89.5384737887367
2025-10-12 09:30:00,52.87,103.33080261654855
2025-10-12 09:45:00,66.0,64.04568427368244
2025-10-12 10:00:00,68.0,77.61256543368272
2025-10-12 10:15:00,53.15,77.29043037463568
2025-10-12 10:30:00,-0.69,63.63025789720976
2025-10-12 10:45:00,-49.0,20.96671837191507
2025-10-12 11:00:00,35.89,10.4296055686309
2025-10-12 11:15:00,-49.0,42.341992929867295
2025-10-12 11:30:00,66.0,-8.608084219634234
2025-10-12 11:45:00,78.58,70.2447091151504
2025-10-12 12:00:00,78.58,53.89719214468376
2025-10-12 12:15:00,70.0,78.21507277798914
2025-10-12 12:30:00,96.0,78.38982639608831
2025-10-12 12:45:00,87.57,98.36834230788203
2025-10-12 13:00:00,6.14,90.3801599879645
2025-10-12 13:15:00,-40.57,22.596407236452396
2025-10-12 13:30:00,-0.69,11.50300611935936
2025-10-12 13:45:00,81.35,14.496966411490568
2025-10-12 14:00:00,52.67,52.08700826230286
2025-10-12 14:15:00,54.14,47.99656185062259
2025-10-12 14:30:00,53.15,64.21230653029214
2025-10-12 14:45:00,62.88,62.666303208727555
2025-10-12 15:00:00,51.14,75.55129878035565
2025-10-12 15:15:00,90.12,58.35937764795758
2025-10-12 15:30:00,79.0,90.48383802742677
2025-10-12 15:45:00,96.0,77.70329645794736
2025-10-12 16:00:00,85.0,98.36834230788203
2025-10-12 16:15:00,79.0,88.9594778042185
2025-10-12 16:30:00,135.3,78.87768711198865
2025-10-12 16:45:00,97.0,126.48872403135948
2025-10-12 17:00:00,136.2,99.04112437547523
2025-10-12 17:15:00,159.0,130.9274451001994
2025-10-12 17:30:00,140.0,158.0000619920998
2025-10-12 17:45:00,129.0,130.8729939893975
2025-10-12 18:00:00,159.0,130.08428920633676
2025-10-12 18:15:00,167.0,160.0544314232055
2025-10-12 18:30:00,159.0,162.4223489092535
2025-10-12 18:45:00,150.0,164.0066468271596
2025-10-12 19:00:00,150.0,153.95932848763576
2025-10-12 19:15:00,149.9,153.95932848763576
2025-10-12 19:30:00,136.2,149.0421282445447
2025-10-12 19:45:00,136.2,131.66596224398683
2025-10-12 20:00:00,96.28,131.10192659243367
2025-10-12 20:15:00,111.0,99.59106574691981
2025-10-12 20:30:00,136.2,102.52165795192832
2025-10-12 20:45:00,136.2,127.59475329043694
2025-10-12 21:00:00,117.53,127.59475329043694
2025-10-12 21:15:00,79.65,110.51421072275754
2025-10-12 21:30:00,83.0,80.92632566116625
2025-10-12 21:45:00,136.2,86.47366383196515
2025-10-12 22:00:00,136.2,125.85731693629965
2025-10-12 22:15:00,136.2,125.85731693629965
2025-10-12 22:30:00,136.2,130.2960380051396
2025-10-12 22:45:00,77.0,130.2960380051396
2025-10-12 23:00:00,94.22,80.21680055151745
2025-10-12 23:15:00,22.33,97.40945800436674
2025-10-12 23:30:00,94.22,52.85605639923547
2025-10-12 23:45:00,101.0,95.06170465014357
2025-10-13 00:00:00,101.0,93.1746794494973
2025-10-13 00:15:00,82.74,101.20063274510203
2025-10-13 00:30:00,87.0,86.48943554311155
2025-10-13 00:45:00,86.0,90.94019922075145
2025-10-13 01:00:00,97.0,90.83829908779245
2025-10-13 01:15:00,95.58,98.91828367932663
2025-10-13 01:30:00,136.0,98.91828367932663
2025-10-13 01:45:00,95.98,127.59475329043694
2025-10-13 02:00:00,88.46,98.91828367932663
2025-10-13 02:15:00,85.78,91.51254279115537
2025-10-13 02:30:00,66.5,90.13019366325956
2025-10-13 02:45:00,73.07,78.80845765716661
2025-10-13 03:00:00,73.19,78.84573561278248
2025-10-13 03:15:00,86.0,78.92736390820085
2025-10-13 03:30:00,86.0,90.36779614482215
2025-10-13 03:45:00,70.07,90.36779614482215
2025-10-13 04:00:00,61.94,78.96516355161687
2025-10-13 04:15:00,83.0,77.44223057345374
2025-10-13 04:30:00,100.0,85.69186733729686
2025-10-13 04:45:00,113.0,100.21915072342959
2025-10-13 05:00:00,60.0,103.43166197926976
2025-10-13 05:15:00,90.98,74.94555271567845
2025-10-13 05:30:00,137.5,93.65752843737243
2025-10-13 05:45:00,137.5,125.85731693629965
2025-10-13 06:00:00,160.0,126.49683688529797
2025-10-13 06:15:00,160.0,162.6919325637892
2025-10-13 06:30:00,160.0,162.6919325637892
2025-10-13 06:45:00,160.0,166.8803093806011
2025-10-13 07:00:00,160.0,166.8803093806011
2025-10-13 07:15:00,155.98,166.8803093806011
2025-10-13 07:30:00,160.0,163.02559180622086
2025-10-13 07:45:00,136.0,166.8803093806011
2025-10-13 08:00:00,150.0,131.98513434488234
2025-10-13 08:15:00,160.0,153.95932848763576
2025-10-13 08:30:00,91.44,162.6919325637892
2025-10-13 08:45:00,89.44,97.60694399113626
2025-10-13 09:00:00,137.5,91.67117032588067
2025-10-13 09:15:00,150.0,126.73878291539248
2025-10-13 09:30:00,140.0,147.48029848445884
2025-10-13 09:45:00,85.63,130.8729939893975
2025-10-13 10:00:00,54.91,90.98491825366612
2025-10-13 10:15:00,53.65,65.25643941971333
2025-10-13 10:30:00,137.5,64.24173953087488
2025-10-13 10:45:00,81.0,125.85731693629965
2025-10-13 11:00:00,70.77,80.52208043473954
2025-10-13 11:15:00,79.67,79.24702361753744
2025-10-13 11:30:00,137.5,79.09358689224496
2025-10-13 11:45:00,150.0,125.85731693629965
2025-10-13 12:00:00,108.73,147.2164870300588
2025-10-13 12:15:00,137.5,101.89384996118957
2025-10-13 12:30:00,140.0,133.3726174064196
2025-10-13 12:45:00,150.0,128.29093643279225
2025-10-13 13:00:00,137.5,149.55510668590972
2025-10-13 13:15:00,160.0,130.74804440291152
2025-10-13 13:30:00,144.0,165.25217544303115
2025-10-13 13:45:00,144.0,130.8729939893975
2025-10-13 14:00:00,137.5,132.91542619841405
2025-10-13 14:15:00,130.71,131.10192659243367
2025-10-13 14:30:00,101.52,129.78251967448116
2025-10-13 14:45:00,158.0,101.20063274510203
2025-10-13 15:00:00,101.52,159.33284137089788
2025-10-13 15:15:00,144.0,101.20063274510203
2025-10-13 15:30:00,140.0,132.56209032914023
2025-10-13 15:45:00,64.57,128.17170927469482
2025-10-13 16:00:00,55.9,79.51836265616502
2025-10-13 16:15:00,66.0,65.16241782915918
2025-10-13 16:30:00,130.71,77.72596013895856
2025-10-13 16:45:00,130.51,124.58998041054993
2025-10-13 17:00:00,189.0,124.58998041054993
2025-10-13 17:15:00,189.0,183.0697945236724
2025-10-13 17:30:00,160.0,183.0697945236724
2025-10-13 17:45:00,140.0,170.60296900138061
2025-10-13 18:00:00,189.0,137.2664239798357
2025-10-13 18:15:00,168.0,203.94923713033586
2025-10-13 18:30:00,160.0,162.92809397664703
2025-10-13 18:45:00,200.0,170.60296900138061
2025-10-13 19:00:00,189.0,195.70052463096818
2025-10-13 19:15:00,160.0,187.3994591303359
2025-10-13 19:30:00,189.0,170.56966351554965
2025-10-13 19:45:00,195.0,188.74723276011827
2025-10-13 20:00:00,137.5,190.38713268066874
2025-10-13 20:15:00,160.0,139.01513364732958
2025-10-13 20:30:00,150.0,170.60296900138061
2025-10-13 20:45:00,130.79,149.55510668590972
2025-10-13 21:00:00,88.89,131.25426442058398
2025-10-13 21:15:00,137.5,92.8678166096787
2025-10-13 21:30:00,180.0,130.2960380051396
2025-10-13 21:45:00,150.0,178.15365518386582
2025-10-13 22:00:00,137.5,151.1760786429539
2025-10-13 22:15:00,160.0,134.84271004356472
2025-10-13 22:30:00,163.0,165.25217544303115
2025-10-13 22:45:00,163.0,162.6919325637892
2025-10-13 23:00:00,137.5,166.8803093806011
2025-10-13 23:15:00,88.56,132.33847021415616
2025-10-13 23:30:00,137.5,92.62756602903173
2025-10-13 23:45:00,105.69,130.2960380051396
2025-10-14 00:00:00,98.08,101.81068801694222
2025-10-14 00:15:00,71.46,99.84799686860873
2025-10-14 00:30:00,77.33,79.71767059925513
2025-10-14 00:45:00,67.43,79.40924551339772
2025-10-14 01:00:00,88.7,79.04404805187325
2025-10-14 01:15:00,90.53,92.24157142616677
2025-10-14 01:30:00,84.7,92.26628381797288
2025-10-14 01:45:00,128.59,89.6200621396424
2025-10-14 02:00:00,84.5,124.64152576740686
2025-10-14 02:15:00,122.0,89.61284790027143
2025-10-14 02:30:00,137.9,114.4830184697665
2025-10-14 02:45:00,121.9,125.96493517996544
2025-10-14 03:00:00,122.0,113.61809981611927
2025-10-14 03:15:00,111.0,114.61938106679355
2025-10-14 03:30:00,90.53,103.33080261654855
2025-10-14 03:45:00,121.8,92.42048797076008
2025-10-14 04:00:00,90.43,113.35429145563421
2025-10-14 04:15:00,74.61,92.31858783780108
2025-10-14 04:30:00,76.0,79.80178403154483
2025-10-14 04:45:00,81.44,79.19689187884578
2025-10-14 05:00:00,87.91,84.42706880360656
2025-10-14 05:15:00,185.0,91.2572644674138
2025-10-14 05:30:00,185.0,184.2040502315376
2025-10-14 05:45:00,165.5,184.2040502315376
2025-10-14 06:00:00,185.0,168.43619933087012
2025-10-14 06:15:00,169.0,187.3994591303359
2025-10-14 06:30:00,176.0,166.8803093806011
2025-10-14 06:45:00,169.0,180.14974020663786
2025-10-14 07:00:00,200.0,166.8803093806011
2025-10-14 07:15:00,223.0,198.06508117091158
2025-10-14 07:30:00,200.0,235.69371922015387
2025-10-14 07:45:00,165.5,198.37316971277073
2025-10-14 08:00:00,185.0,171.10230155755752
2025-10-14 08:15:00,166.0,188.74723276011827
2025-10-14 08:30:00,140.0,166.8803093806011
2025-10-14 08:45:00,165.5,135.91142939337638
2025-10-14 09:00:00,150.0,166.8803093806011
2025-10-14 09:15:00,76.61,150.00711308368165
2025-10-14 09:30:00,77.01,80.0389282348819
2025-10-14 09:45:00,88.11,79.62391171490927
2025-10-14 10:00:00,63.01,91.23716874103853
2025-10-14 10:15:00,61.53,77.26717993718347
2025-10-14 10:30:00,59.05,76.62975591442918
2025-10-14 10:45:00,62.01,70.45017960014935
2025-10-14 11:00:00,66.3,73.99112166536564
2025-10-14 11:15:00,78.37,75.48775883323903
2025-10-14 11:30:00,116.93,76.73434443264401
2025-10-14 11:45:00,130.0,108.00164868727485
2025-10-14 12:00:00,153.0,124.70920756864736
2025-10-14 12:15:00,89.44,158.0728355772231
2025-10-14 12:30:00,96.0,91.421449892168
2025-10-14 12:45:00,88.01,99.27731644874609
2025-10-14 13:00:00,69.5,90.01560004205164
2025-10-14 13:15:00,92.43,77.06092876712583
2025-10-14 13:30:00,69.5,96.72434773051677
2025-10-14 13:45:00,61.53,76.88613432142355
2025-10-14 14:00:00,81.54,76.60204940963183
2025-10-14 14:15:00,103.53,83.20767509473698
2025-10-14 14:30:00,82.6,101.04864467636067
2025-10-14 14:45:00,135.09,84.73458039743524
2025-10-14 15:00:00,64.0,127.59475329043694
2025-10-14 15:15:00,88.21,78.22589617888363
2025-10-14 15:30:00,137.9,90.4096113175153
2025-10-14 15:45:00,140.0,125.96493517996544
2025-10-14 16:00:00,96.0,126.88319674679525
2025-10-14 16:15:00,154.0,98.41186340604055
2025-10-14 16:30:00,182.0,159.4461252429741
2025-10-14 16:45:00,169.0,183.00856003352263
2025-10-14 17:00:00,154.0,166.52697351132727
2025-10-14 17:15:00,200.0,164.93107199384178
2025-10-14 17:30:00,244.1,194.56626892310302
2025-10-14 17:45:00,200.0,223.95635395393364
2025-10-14 18:00:00,379.1,195.91404255288538
2025-10-14 18:15:00,200.0,296.2923718237163
2025-10-14 18:30:00,379.0,195.85485958546968
2025-10-14 18:45:00,410.82,301.8878835690865
2025-10-14 19:00:00,200.0,339.52276009127854
2025-10-14 19:15:00,581.34,199.52926735148014
2025-10-14 19:30:00,185.0,670.1111750429299
2025-10-14 19:45:00,165.4,187.33970839584345
2025-10-14 20:00:00,139.9,179.5859141024663
2025-10-14 20:15:00,149.9,135.34597177199407
2025-10-14 20:30:00,138.43,151.62020834783291
2025-10-14 20:45:00,138.43,131.25130613134087
2025-10-14 21:00:00,150.0,131.60518832086302
2025-10-14 21:15:00,90.53,150.50505285162797
2025-10-14 21:30:00,150.0,93.2868042733931
2025-10-14 21:45:00,165.5,153.28114071578403
2025-10-14 22:00:00,169.0,162.50730878895004
2025-10-14 22:15:00,140.0,165.64781892779473
2025-10-14 22:30:00,165.5,133.31106968317764
2025-10-14 22:45:00,169.0,167.27595286536467
2025-10-14 23:00:00,98.43,163.3237374614106
2025-10-14 23:15:00,137.9,100.52645266174154
2025-10-14 23:30:00,137.9,132.8417319425855
2025-10-14 23:45:00,169.0,128.3211633637309
